"","Code","Dep","Pop","TauxBac","TauxChomage","Salaire","TauxOuvrier","TauxBacLag","TauxChomageLag","SalaireLag","TauxOuvrierLag","TauxClub","TauxClubLag","TauxVille.Centre","TauxVille.Isole","TauxRural","TauxBanlieue","TauxVille.CentreLag","TauxVille.IsoleLag","TauxRuralLag","TauxBanlieueLag","TauxPas","TauxMarche","TauxVelo","TauxMoto","TauxTransportCommun","TauxVoiture","TauxPasLag","TauxMarcheLag","TauxVeloLag","TauxMotoLag","TauxTransportCommunLag","TauxVoitureLag","occurrence","ALD30"
"1",1,"Ain",643350,17.4,6.4,13.68,27.1,16.9166666666667,7.15,13.885,22.1166666666667,2.51340638843553,2.58252351366693,5.85241730279898,3.30788804071247,74.0458015267176,16.793893129771,6.46102542726135,2.25093789078783,69.2788661942476,22.0091704877032,1.81269915287169,2.10927178052382,0.634802207196705,0.585062563146032,2.76925468252118,36.2653299137328,1.37646100434577,2.25959041180031,0.808953324076124,0.390017520445564,2.84416473564019,24.1883970911238,8,100550
"2",2,"Aisne",534490,15.5,12.5,12.62,27.9,16.5833333333333,9.63333333333333,13.7833333333333,24.5333333333333,2.2844206626878,2.41450441747549,2.375,1.875,90.125,5.625,4.58015267175573,2.6990185387132,78.3260632497274,14.3947655398037,1.90611611068495,2.42343168253849,0.372691724821793,0.408052536062415,1.94578008943105,29.6860558663399,1.27389609538255,1.87456778789197,0.456588614805788,0.299713207216987,3.40476839847715,22.5285716643899,6,105740
"3",3,"Allier",337988,16.2,9.6,12.22,24,16.4833333333333,8.33333333333333,12.6483333333333,23.5,3.58000875770737,3.41106911389556,1.89274447949527,2.52365930599369,87.6971608832808,7.88643533123028,3.13067150635209,2.13248638838476,86.9328493647913,7.80399274047189,2.52109542350616,2.41458276625206,0.592328721729766,0.460371374131626,1.11157792584352,29.8572730392795,1.69224597272266,1.8904884249158,0.356028722706777,0.298717665762165,1.22460016361512,23.0492859970956,5,87250
"4",4,"Alpes-de-Haute-Provence",163915,18.1,11,12.81,18.8,17.9666666666667,10.15,13.4166666666667,18.4333333333333,3.66653448433639,2.57945298805296,3.03030303030303,3.03030303030303,89.3939393939394,4.54545454545455,7.00354609929081,6.7375886524823,61.0815602836879,25.177304964539,2.20541134124394,3.18640758929933,0.420339810267517,0.364213159259372,1.06579629686118,30.32242320715,1.32596864748604,2.24582087791137,0.496821129098637,0.868261342705907,2.18072761212071,21.9776211245938,8,38850
"5",5,"Hautes-Alpes",141284,19.2,8.5,12.04,18.1,17.5,8.775,13.71,20.65,3.98488151524589,2.92897721799042,3.7037037037037,0.617283950617284,88.8888888888889,6.79012345679012,6.60727542687454,2.67260579064588,71.1210096510765,19.5991091314031,2.67829336655248,4.8675009201325,0.694346139690269,0.353189320800657,1.53945245038362,31.1422383284731,0.980107532620628,1.45166271731229,0.497542915230234,0.191700089172714,1.27076435212935,15.9914708616871,7,30920
"6",6,"Alpes-Maritimes",1083310,17.9,9.7,14.33,15,18.7,10.55,12.99,17.75,2.12958432950864,2.95204994613707,1.84049079754601,4.29447852760736,57.0552147239264,36.8098159509202,7.97720797720798,8.26210826210826,66.951566951567,16.8091168091168,1.5229251091562,3.60173911438093,0.533180714661547,2.97052551901118,5.33559184351663,25.7101845270514,0.458641546015618,0.716013512653576,0.12635663273356,0.213946181337518,0.387666137500567,7.42003021827102,25,239000
"7",7,"Ardèche",325712,17.3,10,12.73,22.8,17.4285714285714,8.92857142857143,13.34,20.4142857142857,3.15309230240212,3.01524493566016,5.97014925373134,2.08955223880597,75.8208955223881,16.1194029850746,6.15608337372757,3.7809015996122,68.2501211827436,21.8128938439167,1.92071523308936,2.07299700348774,0.486012182541632,0.406801100358599,0.887900967726089,32.4304907402859,1.79072674086422,2.47172456049694,0.747850169215289,0.3656426963433,2.54168304012866,26.8497284485338,6,68160
"8",8,"Ardennes",273579,15.8,10.4,12.72,28.2,16.225,10.35,13.065,25.05,2.93516680739384,2.35773393909226,2.89532293986637,1.11358574610245,90.2004454342984,5.79064587973274,3.4375,2.3046875,81.25,13.0078125,1.97310466081095,2.84853735118558,0.382339287737728,0.34140047298952,1.06660233424349,30.6346612861367,0.924416858688581,1.36770842708804,0.32819297694724,0.185743399989328,1.28107442217842,15.1483288270751,9,62200
"9",9,"Ariège",153153,18.6,11.4,12.2,19.2,18.0666666666667,11.7,13.22,17.9,3.86541563012151,2.81841179548607,1.52905198776758,1.52905198776758,89.9082568807339,7.03363914373089,3.45381526104417,3.85542168674698,80.6425702811245,12.0481927710843,2.51447898506722,2.3029258323376,0.465547524371054,0.326470914706209,0.837724367136132,30.5596364419894,0.625030969451488,0.809740475941917,0.356764371065548,0.256577044601525,0.975280510155053,10.9486220415835,2,32490
"10",10,"Aube",310020,15.2,11.3,12.56,25.6,16.82,7.82,13.452,24.56,2.67402103090123,2.58121007496746,1.39211136890951,1.16009280742459,91.8793503480278,5.56844547563805,2.58717660292463,2.17472815898013,88.5639295088114,6.67416572928384,1.79504548093671,2.3856525385459,0.906715695761564,0.421908263982969,1.71569576156377,30.2574027482098,1.20173496625543,1.78095275177433,0.463313937793517,0.274611338486951,2.79408945049284,18.9000959427417,9,54630
"11",11,"Aude",370260,18.7,12.2,12.06,19.6,17.875,10.575,13.4475,17.425,3.13293361421704,2.96587434853797,2.54041570438799,3.00230946882217,90.5311778290993,3.92609699769053,3.50541746335245,4.1427660930529,78.7125557680051,13.6392606755895,2.04585966618052,2.40857775617134,0.562037487171177,0.45616593744936,0.935828877005348,28.4151677199806,0.920727984519809,1.0769997022035,0.4948793761939,0.319402591782643,1.38000284793167,15.2309222950114,16,76880
"12",12,"Aveyron",279206,18,6.7,12.14,22.2,18,9.31428571428571,12.4457142857143,19.8,4.16180168047965,3.51908586343544,2.45614035087719,0.701754385964912,92.280701754386,4.56140350877193,4.28646105593308,4.12963930998432,80.8154730789336,10.768426555149,3.14821314728193,3.62957816092777,0.420119911463221,0.371052198018667,0.661876893763028,31.6082032621075,2.08844858145575,2.42936372198152,0.489483646009024,0.38014713811445,1.09300073080148,27.024535577534,5,53070
"13",13,"Bouches-du-Rhône",2024162,17,10.9,14.52,16.8,18.0333333333333,11.4333333333333,13.1633333333333,18.7333333333333,2.16089423672611,2.44525268124335,17.7777777777778,17.7777777777778,9.62962962962963,54.8148148148148,8.5496183206107,8.85496183206105,56.3358778625954,26.2595419847328,1.214626102061,2.64257505081115,0.509346583919667,1.2979198305274,5.53834129876956,26.7980527250289,0.617087887494949,0.839269605865493,0.246874875193887,0.298034760715807,0.601235332056292,11.2102364434719,70,450460
"14",14,"Calvados",694002,16,8.4,12.92,23.1,15.7666666666667,8.13333333333333,12.8033333333333,27.6333333333333,2.3991285327708,2.57451882705886,5.3030303030303,2.84090909090909,77.6515151515152,14.2045454545455,4.09604519774011,1.34180790960452,86.5112994350282,8.05084745762712,1.97780409854727,2.35186642113423,0.765271569822565,0.477520237693839,2.19855274192293,32.1151812242616,0.854529814671495,0.822337896608094,0.171027553370145,0.187795773112198,0.526470302534306,12.1639739604889,17,132240
"15",15,"Cantal",145143,17.9,5.3,11.47,22.6,18.1666666666667,7.25,12.3266666666667,22.3166666666667,4.17519274095203,4.00583700745733,1.6260162601626,1.21951219512195,95.5284552845528,1.6260162601626,2.85551113649343,1.65619645916619,89.7772701313535,5.71102227298687,3.30983926196923,4.15452346995721,0.376180732105579,0.265944620133248,0.598719883149721,32.1668974735261,1.97874566195031,2.39385775337347,0.282264348639008,0.259981902323084,0.753692842399297,24.1353087264021,1,31870
"16",16,"Charente",352335,17,8.7,12.62,26.3,16.86,8.16,12.586,22.52,3.23271886131097,3.04843596159364,1.09289617486339,1.63934426229508,90.7103825136612,6.55737704918033,2.9673590504451,3.38278931750742,86.4094955489614,7.24035608308605,2.18769069209701,1.93395490087559,0.401890246498361,0.434245817191026,1.20567073949508,32.8238750053216,1.30676435872253,1.23350041265491,0.385947495649617,0.334608709639939,0.814041172334365,19.9888687726495,6,62930
"17",17,"Charente-Maritime",644303,17.2,9.3,12.49,21.5,17.025,7.75,12.9075,25.425,2.59350026307498,2.84172527883778,3.67170626349892,3.88768898488121,85.3131749460043,7.12742980561555,3.95759717314488,5.51236749116608,77.5971731448763,12.9328621908127,2.02389248536791,1.69314747874835,1.07899544158571,0.623154012941116,1.18220775008032,30.4757233785967,1.01695546676277,0.883030019039077,0.457703076262972,0.316708937003699,0.941323339853312,16.5901683071291,12,129080
"18",18,"Cher",304256,16,9.3,12.65,24.6,15.9571428571429,8.41428571428571,12.5114285714286,24.6,3.197964871687,3.62024939739225,1.39372822299652,3.13588850174216,92.3344947735192,3.13588850174216,2.47895229186155,2.75958840037418,89.0551917680075,5.70626753975677,2.05879259570888,2.30923958771561,0.684620845603702,0.458495477492638,1.27819993689525,31.3032446360959,2.0663118836966,2.05658567828638,0.507022322574371,0.408372224059978,1.37885651876326,26.718262408483,4,65480
"19",19,"Corrèze",241464,18.4,7.3,12.4,23.5,17.35,8.01666666666667,12.3066666666667,21.7166666666667,3.94675810886923,3.77516187690862,1.42857142857143,2.14285714285714,90.3571428571429,6.07142857142857,2.57705912076807,1.76856998484083,90.1465386558868,5.50783223850431,2.26369148196004,2.41402445084982,0.308534605572673,0.41745353344598,0.791422323824669,33.1014147036411,1.96488076999085,2.06360215183828,0.273648216689526,0.281247395180297,0.8978249765715,23.4506460698192,8,49560
"20",21,"Côte-d'Or",533819,17,7.3,13.55,22,15.9857142857143,8.2,12.47,26.6857142857143,2.48586131254227,2.97025753296585,2.00573065902579,1.28939828080229,93.4097421203438,3.29512893982808,2.10229055538123,1.19234389708189,91.7477251333543,4.95764041418262,1.93586215552463,3.13907897620729,1.15282520854447,0.431981626731158,4.60530629295698,30.5588598382598,1.80768611568873,2.28564318850478,0.525821406179931,0.369796142001786,1.09965729895763,27.5086088727534,18,98340
"21",22,"Côtes-d'Armor",598814,18,7.9,12.43,25.5,18.3,7.46666666666667,12.9333333333333,23,2.79552582270956,2.4958742099653,5.17241379310345,5.17241379310345,75,14.6551724137931,6.74418604651162,12.6744186046512,70.1162790697674,10.4651162790698,2.15008333138504,1.78853533818515,0.461245061070716,0.47560678274055,0.907460413417188,32.2021529222764,0.756820486201936,0.72234667233112,0.301383485396132,0.18411795645611,0.902914133178481,12.1430936985708,25,113030
"22",23,"Creuse",118638,16.8,8.6,11.58,20.2,16.7,8.5,12.63,23.6333333333333,5.14169153222408,3.56268780796767,0.390625,1.171875,98.046875,0.390625,2.2982062780269,3.02690582959641,88.8452914798207,5.82959641255604,3.5915979702962,2.59023247188928,0.193867057772383,0.316930494445287,0.577386672061228,29.7038048517338,1.61565028213197,1.84108320946487,0.374851437702323,0.328346665157385,1.10149349088659,23.6190339591448,1,26370
"23",24,"Dordogne",413606,16.9,9.3,11.99,23.3,17.4285714285714,8.58571428571429,12.6885714285714,22.4285714285714,2.97142691353607,3.23198422629544,2.97029702970297,0.99009900990099,86.9306930693069,9.10891089108911,3.23755564548765,2.59004451639012,83.2051800890328,10.9672197490894,2.48473184624981,2.02414858585224,0.371609696184291,0.475573371759597,0.705985889953241,30.8610126545553,1.82158816326015,1.83472435579805,0.605971247511169,0.442862223334282,1.40532889926477,27.6842472776698,14,85270
"24",25,"Doubs",539067,16.5,7.8,12.92,25.1,16.3,7.9,13.05,25.3333333333333,2.54328311694094,2.78726976185463,3.1413612565445,1.57068062827225,87.260034904014,8.02792321116928,2.90492957746479,0.528169014084507,89.2605633802817,7.30633802816902,1.8259325835193,2.85660224053782,0.74740245646645,0.320739351509182,2.66738642877416,32.8771748224247,0.661669343302521,0.95246813878786,0.237637347819458,0.125933887819862,0.62119530342352,12.3686151678525,14,98670
"25",26,"Drôme",511553,17.3,10,13.36,23.2,17.4166666666667,9.43333333333333,13.4833333333333,19.3333333333333,2.52759733595541,2.93517725967855,4.12087912087912,2.74725274725275,83.2417582417582,9.89010989010989,6.60954712362301,3.18237454100367,65.9118727050184,24.296205630355,1.95385424384179,2.16712637791197,0.831780871190277,0.450002248056409,1.6275928398426,32.2435798441217,1.45847123885781,2.24941364082688,0.703301975538009,0.323936287821266,2.45732479388175,22.6882147517007,25,102860
"26",27,"Eure",601843,16.7,9.2,13.73,28,16.2428571428571,8.61428571428571,14.6985714285714,22.8,2.35941931699795,2.30444307681792,5.47008547008547,1.02564102564103,82.051282051282,11.4529914529915,4.5045045045045,2.41312741312741,77.3809523809524,15.7014157014157,1.82838381438349,1.9102988653187,0.38697799924565,0.436326417354692,2.32701884046172,33.7421885774197,1.52889140402862,1.99693713300239,0.454354453967,0.517546033007728,5.57801330514392,25.5556664855991,12,113790
"27",28,"Eure-et-Loir",433233,16.1,8.5,13.79,25.6,16.0857142857143,8,14.6071428571429,23.6142857142857,2.81372840942403,2.53496043166788,3.56164383561644,3.01369863013699,84.3835616438356,9.04109589041096,5.06542845082312,2.44829041789785,75.685943436049,16.8003376952301,1.92367617425265,2.09771647127527,0.608217748878779,0.461414527517525,3.93829648249325,31.8948464221331,1.60982650682136,1.86074349457739,0.543437264515424,0.546778317860333,4.69898267191962,26.414776777348,4,81050
"28",29,"Finistère",909028,19.2,7.8,12.7,22.6,18.1,7.9,12.51,25.1,2.5301750881161,2.70359366876325,9.74729241877256,11.913357400722,63.5379061371841,14.8014440433213,5.35117056856187,8.52842809364548,74.0802675585284,12.0401337792642,1.89081084411041,1.91919280814232,0.481283304804693,0.457081630048799,1.87584980880677,32.544102051862,0.526896720915427,0.43410798801441,0.144072861875392,0.118899109376297,0.266856012414993,8.05524861886909,24,167040
"29",30,"Gard",744178,17.7,12.5,13.24,18.7,17.6714285714286,9.68571428571429,12.9485714285714,20.0571428571429,2.66199753284832,3.15138414957471,7.12250712250712,6.83760683760684,66.3817663817664,19.6581196581197,5.66893424036282,5.32879818594103,72.2222222222222,16.7800453514739,1.69865274168277,2.02653128686954,0.569084278223758,0.509824262474838,1.40504019199708,29.7549779756994,1.88197933742583,2.45591622149976,0.554441154402221,0.516826136775954,1.73408503560091,26.6362478764486,25,148480
"30",31,"Haute-Garonne",1362672,17.3,8.5,15.49,15,18.0833333333333,10.05,12.4,20,2.3652060070215,3.49330641807857,3.07167235494881,2.73037542662116,77.6450511945392,16.5529010238908,2.00090950432014,1.72805820827649,89.6316507503411,6.63938153706229,1.42947092183592,1.92518815973323,1.72932297720948,0.970886611011307,5.72067232613571,31.9902368288187,1.71078138573025,1.60881194869117,0.402707856944821,0.289063537746334,0.670522093033812,23.4820535785004,38,219440
"31",32,"Gers",191091,18,6.7,12.71,21.1,17.6166666666667,9.01666666666667,13.0266666666667,20.6,4.20741950170338,3.1492815074112,0.650759219088937,1.30151843817787,96.9631236442516,1.08459869848156,2.98935298935299,1.63800163800164,80.7534807534808,14.6191646191646,3.10742002501426,2.04562224280578,0.334395654426425,0.362654442124433,0.675594350335704,33.0627816066691,1.44864269244896,1.41561384715726,0.597220358137569,0.429227596219393,1.30398119041086,24.3935723143224,6,32960
"32",33,"Gironde",1583384,17.6,8.8,14.08,18.8,17.225,9.05,12.235,23.35,2.32982018259626,3.22893836228736,6.35514018691589,3.92523364485981,65.981308411215,23.7383177570093,3.3457249070632,2.10656753407683,84.9442379182156,9.60346964064436,1.54075069597773,1.76470142429126,1.77600632569231,0.839152094501397,4.76782637692436,31.0472380673292,1.06958757635551,0.890566952505472,0.334139016276006,0.256223275979401,0.420502580513611,15.8126748965126,63,299160
"33",34,"Hérault",1144892,18.1,12.8,13.39,15.7,17.975,10.25,12.5375,20.075,2.33297114487655,3.31415935991933,6.4327485380117,11.1111111111111,64.0350877192982,18.4210526315789,3.83224873463485,3.25379609544469,83.5140997830803,9.3998553868402,1.51411661536634,2.40433158760826,1.10263675525726,0.880694423578818,3.29288701467038,27.7254099076594,1.10006036362928,1.25602990523969,0.276596178696444,0.214276397863459,0.523935629784569,15.1688055174264,36,224450
"34",35,"Ille-et-Vilaine",1060199,17.5,6.7,13.51,21.7,17.05,7.3,12.7583333333333,25.6166666666667,2.34578602696286,2.60444456597792,5.10510510510511,12.9129129129129,73.5735735735736,8.40840840840841,4.25149700598801,8.80239520958084,76.8862275449102,10.059880239521,2.09866260956669,2.1752520045765,1.23844674443194,0.540275929330248,4.12007557071833,32.3608115080282,1.69608027902858,1.48461372777024,0.625478593591963,0.432173623814569,1.40543605875373,24.4551978740667,42,164580
"35",36,"Indre",222232,15.4,8.7,12.02,27.2,16.5166666666667,8.2,12.76,22.45,4.04532200583174,3.43614276863287,2.0746887966805,3.7344398340249,90.0414937759336,4.149377593361,2.59235255994816,3.3700583279326,86.8438107582631,7.19377835385613,2.40424421325462,2.38444508441629,0.575974657115087,0.471129270312106,1.02460491738364,30.7687461751683,1.63099175641845,1.65252749387412,0.458318356282547,0.356910607266182,1.34819970242603,23.6193662594457,2,53120
"36",37,"Indre-et-Loire",606511,16.9,8.2,13.73,21.5,16.02,8.04,12.66,25.76,2.71058562829034,3.0054187423683,4.77941176470588,2.57352941176471,73.1617647058823,19.4852941176471,3.90804597701149,6.13026819923372,82.2988505747126,7.66283524904215,1.8004619866746,2.16319242355044,1.12314533454463,0.614498335561927,3.70908359452673,31.0469224795593,1.29834982027341,1.29375639764803,0.497218624113465,0.358162887373737,1.16771189509043,19.9709378905826,25,113580
"37",38,"Isère",1258722,16.6,7.4,14.8,19.3,17.8,8.3,13.3085714285714,20.9714285714286,2.45804871925652,3.01998554622637,8.984375,3.3203125,61.71875,25.9765625,5.7506361323155,2.29007633587786,71.5521628498728,20.4071246819338,1.57826748082579,2.36342893824053,1.67574730560044,0.360365513592358,4.76824906532181,31.5216545035361,1.83224196446455,2.91747318282061,0.741041471196329,0.385886002798028,2.63700248941472,27.7834753368598,36,235130
"38",39,"Jura",260188,17,6.4,12.64,27.6,16.52,7.5,13.036,25.7,3.24380832321245,2.55651843464068,2.42914979757085,0.404858299595142,90.6882591093117,6.47773279352227,3.14306358381503,1.6257225433526,87.9696531791907,7.26156069364162,2.0296862268821,2.9567082263594,0.547296570172337,0.337832644088121,0.965840084861715,34.004642796747,1.1891112670797,1.57828104144901,0.439559985724634,0.272333810525845,1.53388829941518,20.6967365667313,5,50570
"39",40,"Landes",407444,18.3,8.7,12.38,24.1,17.5,8,13.09,21.025,4.13308331942549,3.12011856300567,3.97553516819572,2.75229357798165,83.7920489296636,9.48012232415902,3.43901128425578,1.82697474476088,79.0972595378829,15.6367544331005,1.87166825379684,1.41320034164204,0.624625715435741,0.49258302981514,0.73433404345137,33.7801022962665,1.10317975365748,0.958378527839264,0.417007714462194,0.297763680353583,0.961746725834708,16.155188923219,8,78460
"40",41,"Loir-et-Cher",331915,15.4,7.6,13.03,26.4,16.0333333333333,8.63333333333333,13.155,25.0666666666667,3.12429387041863,3.02403781004249,4.49438202247191,3.74531835205993,83.5205992509363,8.23970037453183,4.01301518438177,3.30802603036878,82.7548806941431,9.9240780911063,2.00473012668906,1.92910835605501,0.722474127412139,0.520313935796815,1.51544823222813,32.5788228914029,1.48528418244953,1.63127962202747,0.599296861935711,0.392114945653595,2.06011989898244,23.4846284588375,6,66440
"41",42,"Loire",762941,16.8,8.8,12.99,24,16.74,8.1,13.22,22.82,3.00285343165461,2.96779066361571,5.88235294117647,1.23839009287926,68.7306501547988,24.1486068111455,3.99148483235764,2.50133049494412,79.8829164449175,13.6242682277807,1.51427174578375,2.4579882323797,0.420084908269447,0.300023199696962,2.94164293176012,30.4482260096128,1.2877752471707,1.76584244595816,0.438423286120034,0.275987803603178,1.96701546256979,19.1596302689528,11,156890
"42",43,"Haute-Loire",227283,18.2,7.2,12.04,25.8,17.3833333333333,7.6,12.95,21.05,3.82342718109141,3.431649668695,3.11284046692607,1.55642023346304,87.9377431906615,7.39299610894942,4.78841870824052,2.17149220489978,75.8351893095768,17.2048997772829,2.27997694504208,3.12693866237246,0.285987073384283,0.296986576206755,0.640611044380794,33.7935525314256,1.7172705726413,2.43641752318373,0.456268042528724,0.271843562327858,2.21217770313138,22.9841086598507,4,49950
"43",44,"Loire-Atlantique",1394909,17.3,7.2,13.98,20.6,17.18,7.06,12.604,26.72,2.19154081018905,2.61829207487412,6.28019323671498,18.3574879227053,53.6231884057971,21.7391304347826,3.96825396825397,13.1746031746032,76.031746031746,6.82539682539683,1.79323525764046,1.78154990755669,1.5424662110575,0.773097026401005,4.84031574819576,31.7828618210937,1.42314149815584,1.21908192395396,0.561527296143653,0.345666405222857,1.14764141072212,20.7096747335434,38,236810
"44",45,"Loiret",678105,16.1,8.6,13.84,23.9,16.6,7.92857142857143,13.7342857142857,23.5142857142857,2.74293804056894,2.85230581380763,5.84615384615385,4.30769230769231,76.6153846153846,13.2307692307692,3.69897959183672,3.18877551020407,80.5697278911565,12.5425170068027,1.62998355711874,2.07254038828795,0.949115549951704,0.482668613267857,3.76416631642592,31.7366779481054,1.63802171885424,1.92359046899322,0.473820685559771,0.46861887675262,4.25911887251582,26.2391654666318,17,129050
"45",46,"Lot",173828,18.3,8.8,12.31,21.7,17.55,8,12.11,22.8833333333333,3.75658697102883,3.59878886592013,2.87539936102236,0.638977635782748,91.6932907348243,4.79233226837061,2.62295081967213,1.20218579234973,88.1967213114754,7.97814207650272,2.65549853878547,2.53353890052236,0.410175575856594,0.372207009227512,0.694364544262144,30.9518604597648,1.93432848455916,1.995493728901,0.325044854640541,0.30284946991954,0.571122684926292,23.9689976323979,5,36790
"46",47,"Lot-et-Garonne",332842,16.5,8.9,12.08,24.5,17.7833333333333,8.8,12.675,21.7,3.21774295311289,3.41969128114349,2.82131661442006,0.626959247648903,82.4451410658307,14.1065830721003,3.55308219178082,2.01198630136986,83.9469178082192,10.4880136986301,2.17640802542948,1.99403921380114,0.597881277002301,0.458475793319353,0.74149296062396,31.3845608426821,1.71897668417586,1.44110593061669,0.505355697798954,0.372058273763444,1.08094859162782,24.041610900907,8,62940
"47",48,"Lozère",76601,18.9,5.7,11.42,18.9,17.82,8.34,12.324,22.42,5.28713724363912,3.59510228755471,1.97368421052632,1.31578947368421,94.7368421052632,1.97368421052632,4.34192672998643,2.71370420624152,82.157394843962,10.78697421981,3.52998002637041,4.58479654312607,0.270231459119333,0.201041761856895,0.494771608725735,31.3951514993277,1.54467466613317,1.87632107295184,0.267173022214809,0.231326094649013,0.524268622627089,19.9692652478806,1,15170
"48",49,"Maine-et-Loire",813493,16.6,8.2,12.62,26.3,16.6714285714286,7.18571428571429,12.9314285714286,25.3857142857143,2.32823146603597,2.78172658525276,3.95480225988701,20.3389830508475,66.1016949152542,9.6045197740113,3.93530997304581,7.27762803234501,78.7601078167116,10.0269541778976,2.04513130414152,2.12933608525212,1.1578464719426,0.67830946301935,2.18920138218768,32.6605145957003,1.88197212052511,1.69223785591212,0.785773492922713,0.535925153321749,1.9656203966949,28.6571898037818,23,127100
"49",50,"Manche",496883,15.9,6.9,12.68,26.5,16.125,7.275,12.67,25.825,2.46335656482512,2.72051159409452,3.81165919282511,1.79372197309417,87.8923766816144,6.50224215246637,3.76344086021505,5.1747311827957,82.5940860215054,8.46774193548387,2.39291744736689,2.17274489165457,0.535538547303892,0.610807775673549,1.07308964082088,32.9381363419558,1.22669855243648,1.16789910939818,0.383102102261838,0.239626251163213,1.01703948139234,16.1156925974571,8,94630
"50",51,"Marne",568895,16.2,8.4,13.61,24.8,16.45,9.65,12.95,26.2,2.31501419418346,2.64104261381071,1.14192495921697,2.28384991843393,93.1484502446982,3.4257748776509,2.8598971722365,1.76735218508998,87.9820051413882,7.39074550128535,1.93744012515491,3.29164432803944,0.87590855957602,0.39005440371246,3.01830742052576,31.0071278531188,1.4517575017694,1.99949610961408,0.409905124742478,0.284574328006316,2.29693693303576,22.7254067698837,15,99450
"51",52,"Haute-Marne",175640,16.2,7.9,12.17,28.8,16.1166666666667,8.83333333333333,12.7816666666667,25.6333333333333,2.92644044636757,2.68093076019597,1.64319248826291,0.469483568075117,94.3661971830986,3.52112676056338,2.22087009431093,1.24733799817463,91.3294797687861,5.20231213872833,2.31951719426099,3.35971304941927,0.748690503302209,0.342177180596675,0.848895468002733,30.8335231154634,1.46298386420079,2.07475952155004,0.543909414753039,0.282112683813653,1.52566982439049,23.6988768032747,3,39550
"52",53,"Mayenne",307445,16.3,5.7,12.25,30.1,16.2833333333333,7.63333333333333,12.9483333333333,25.1833333333333,3.2363512172909,2.4772305619699,0.826446280991736,5.78512396694215,91.3223140495868,2.06611570247934,4.36382754994741,7.41324921135647,79.179810725552,9.04311251314407,3.12218445575631,2.32041503358324,0.615394623428581,0.443981850412269,1.0060335995056,33.8180812828311,1.62624985086549,1.59720566573819,0.721662826817415,0.463304440921275,1.97511802813116,23.937547630119,5,48720
"53",54,"Meurthe-et-Moselle",733481,16.8,8.8,13.37,19.7,16.2,8.575,12.935,25.05,2.48268189632724,2.62583836723554,3.72250423011844,1.52284263959391,82.741116751269,12.0135363790186,4.94432071269488,3.11804008908686,80.3118040089087,11.6258351893096,1.38054019122513,2.69563901450753,0.584609553621703,0.283306588718726,3.96533788877967,30.7543072008682,0.904856073916369,1.2586090913768,0.495192965806602,0.153044309914836,1.34023043093293,15.9908566894019,21,139040
"54",55,"Meuse",187187,16.9,8.5,12.32,25.9,16.12,8.98,12.848,25.8,2.95426498635055,2.70791602238868,1.60320641282565,0.801603206412826,94.9899799599198,2.60521042084168,2.93890177880897,1.430781129157,87.9350348027842,7.69528228924981,2.19513107213642,3.04294635845438,0.506979651364678,0.302371425366078,0.912456527429789,32.1785166704953,1.19379616268541,1.84714694781296,0.381297441134776,0.209530514477929,1.22914065122185,19.3925389796416,2,37480
"55",56,"Morbihan",750863,18.2,7.9,12.59,24.7,18,7.4,13.155,22.6,2.61166151481695,2.46575693699439,5.6,13.2,72.8,8.4,6.43776824034335,11.3304721030043,68.068669527897,14.1630901287554,2.06509043593838,1.68432856593014,0.691337833932422,0.475586092269828,1.22738768590275,32.2398360286763,0.991599005337826,0.958066257307583,0.465430165170606,0.280757671065075,1.46796269264226,16.1112410379075,12,158780
"56",57,"Moselle",1043522,16.3,8.9,13.17,23.9,16.1333333333333,8.56666666666667,13.2066666666667,23.3666666666667,2.36506753091933,2.55556761599984,4.68965517241379,3.44827586206897,77.9310344827586,13.9310344827586,5.64516129032257,3.10173697270472,77.7295285359802,13.5235732009926,1.35157667974417,2.05400556959987,0.311732766534869,0.21513681551515,3.22283574280178,33.4012124325122,0.634085128834436,0.958444977183457,0.465930107771871,0.123769103394523,1.31898613325144,11.6376789516345,21,231290
"57",58,"Nièvre",207182,16.2,7.6,12.27,24.1,16.1333333333333,8.48333333333333,12.9383333333333,24.5333333333333,3.6006989024143,2.92957679014065,1.61812297734628,1.94174757281553,93.5275080906149,2.9126213592233,2.63862332695985,2.33269598470364,89.1395793499044,5.88910133843213,2.38292901893022,2.54027859563089,0.455155370640307,0.443571352723692,1.04352694732168,28.5126120995067,1.52242747331699,1.85264033559303,0.559698607181955,0.35688956316695,1.74536751345104,23.2797913436591,2,51440
"58",59,"Nord",2604361,16.3,12,13.71,21.6,15.975,11.175,12.69,27.325,1.87723591314722,2.57349386433375,8.33333333333333,4.01234567901235,48.4567901234568,39.1975308641975,3.3665407076606,1.3053933356235,83.6825833047063,11.6454826520096,1.35664756153237,2.18364504767196,0.869963879815433,0.385468834773674,4.3720513400408,28.3149302266468,0.903964353600157,1.22781387496522,0.249401059876895,0.20227400987339,0.893580231096414,15.0854225069351,65,510250
"59",60,"Oise",824503,16.7,9,14.52,25.6,16.7833333333333,9.83333333333333,13.9783333333333,24.25,2.3808282080235,2.22106234683776,5.00736377025037,2.79823269513991,81.1487481590574,11.0456553755523,4.24634420697413,2.10911136107986,81.2429696287964,12.4015748031496,1.63698616014739,2.09204817932743,0.387748740756553,0.384595325911488,4.47566594663694,32.2264442943203,1.20959261701527,1.68157021147597,0.340674528475225,0.387959716869152,4.72357040787322,21.7963900249175,8,151980
"60",61,"Orne",283372,14.7,8.3,12,28.4,16.1166666666667,7.86666666666667,13.045,26.8166666666667,2.9007805993535,2.65094532429362,2.33766233766234,1.2987012987013,91.6883116883117,4.67532467532468,4.44444444444446,2.57936507936507,83.2936507936508,9.6825396825397,2.61493725562159,2.49565941589148,0.445703880411614,0.455231991869345,0.811653938991855,30.6314667645357,1.66376011536167,1.60951808799253,0.470587656008906,0.384845518716073,1.66369990616739,24.4543779822799,6,54880
"61",62,"Pas-de-Calais",1468018,17.2,11.1,12.59,27,15.7333333333333,11.7333333333333,13.0533333333333,25.2333333333333,2.16754835431173,2.35616540292554,4.71910112359551,0.786516853932584,69.438202247191,25.0561797752809,4.36936936936936,2.34234234234234,77.7927927927928,15.4954954954955,1.4906492972157,1.90556246585532,0.465253150846924,0.433237194639303,1.71680456234188,30.530347720532,0.640576054038371,0.906507028794104,0.252197490030743,0.153627905766496,1.09216078652834,10.9791626594324,39,301420
"62",63,"Puy-de-Dôme",653742,17.2,7.8,13.65,21.8,17.3833333333333,7.8,12.1166666666667,23.35,3.05931085963576,3.94498862541646,4.0948275862069,2.80172413793103,85.9913793103448,7.11206896551724,2.50148898153663,1.66765932102442,87.2543180464562,8.57653365098272,1.95260515616252,2.86198530918925,0.563066163715961,0.421114139828862,2.746496324238,32.2322873549504,1.93505910356968,2.14478625671257,0.272122887354266,0.257213724757482,0.832670097627507,23.6338960761524,19,142440
"63",64,"Pyrénées-Atlantiques",677309,17.9,7.6,13.49,19.7,18.1333333333333,8.43333333333333,12.41,21.4333333333333,2.72549161461017,3.89161905761837,3.2967032967033,0.915750915750916,74.9084249084249,20.8791208791209,1.75019888623707,1.5115354017502,89.9761336515513,6.76213206046141,2.00085928283841,1.86266534181592,0.627778458576514,0.721827112883484,1.50906011879364,33.7469308690716,0.87475990261492,0.730125544361715,0.203892898992802,0.151373681498245,0.258341867496696,12.3074674322506,15,135620
"64",65,"Hautes-Pyrénées",228530,18.1,9.9,12.14,19.1,17.7333333333333,7.6,13.8966666666667,18.6,3.33435435172625,3.09937237444502,1.27931769722815,0.852878464818763,87.4200426439232,10.4477611940298,2.44821092278719,1.69491525423729,82.2975517890772,13.5593220338983,2.01899094210826,2.38218177044589,0.672121822080252,0.355751980046383,0.656806546186496,31.6168555550694,0.817218778711074,0.729184468044367,0.336437136276553,0.256921020752403,0.988165849408131,12.3499936630699,8,47270
"65",66,"Pyrénées-Orientales",474452,18.2,14.4,12.11,19.1,18.65,11.8,12.13,19.4,2.95709576521966,3.49917462216927,6.19469026548673,8.4070796460177,69.4690265486726,15.929203539823,2.10526315789474,2.36842105263158,90.2631578947368,5.26315789473684,1.52491716759546,2.14415789163077,0.562754504143728,0.62556380835153,1.14574287809937,27.1835717838685,0.570042331405968,0.588937948563617,0.128448126442779,0.0978296065194461,0.221694155517685,7.37185052024624,20,107130
"66",67,"Bas-Rhin",1125559,16,7.5,13.88,22.9,16.2,8.875,13.085,24.05,2.30374418400102,2.55501873411485,8.17120622568093,6.6147859922179,69.4552529182879,15.7587548638132,5.80173595248972,2.28414801279123,77.0214709913202,14.8926450433988,1.75237370941905,2.3902789636083,2.68399968371271,0.387540768631409,5.65256907900874,30.4364320306621,0.775355603393272,1.19828782346825,0.323824579727915,0.147881083241614,1.38816058306654,16.1414420843691,28,274350
"67",68,"Haut-Rhin",764030,16.1,8.4,13.43,25.1,15.875,8.55,13.19,24.7,2.49204874154156,2.57550547850593,12.0218579234973,2.45901639344262,61.4754098360656,24.0437158469945,5.37206526064465,3.42220453641066,79.3871866295265,11.8185435734182,1.53096082614557,2.25501616428674,1.2354226928262,0.365299791892989,2.98312893472769,33.0653246600264,0.869476169873554,1.20436971086295,0.562079190117075,0.172060587113529,1.32378418996979,15.9114253697851,6,156150
"68",69,"Rhône",1843319,16.2,8,15.44,16.2,17.0714285714286,8.24285714285714,13.1928571428571,24.0714285714286,1.91231143388638,2.84890292065046,7.60869565217391,3.6231884057971,39.1304347826087,49.6376811594203,5.52928337577301,2.43724990905784,76.4641687886504,15.5692979265187,1.51075315775511,3.35904962732983,1.53456889447784,0.5798236767483,10.0278899094514,25.1998162011025,1.63719451204427,2.08274177467974,0.608231247979401,0.356105982870874,1.85560000352466,28.6121183209475,34,310480
"69",70,"Haute-Saône",236659,15.8,8.1,12.28,28,16.4,8,12.98,25.2333333333333,2.77614626952704,2.73692077659315,2.04081632653061,0.371057513914657,93.1354359925788,4.45269016697588,3.1374786081004,1.2407301768397,88.1702795208215,7.45151169423844,1.90062494982232,2.15711213180145,0.450014577937032,0.391280280910508,1.01961049442447,33.6784149345683,1.42672610749176,2.1749586355022,0.569854249721539,0.253799306286431,1.62569027761509,23.9313445707431,8,49940
"70",71,"Saône-et-Loire",553595,15.9,7.9,12.75,26.3,16.6857142857143,7.72857142857143,13.2557142857143,23.5714285714286,2.46389508575764,2.90556407855042,3.71681415929204,2.12389380530973,86.7256637168142,7.43362831858407,3.55871886120997,1.85053380782918,81.423487544484,13.1672597864769,2.0377712948997,2.3641832025217,0.531435435652417,0.44960666190988,1.20954849664466,32.1941130248647,1.71341211015671,2.37211977558537,0.667132735128859,0.392333304658236,2.93312984683957,26.8558449872801,7,113850
"71",72,"Sarthe",566506,15.7,8.5,12.9,27.6,16,7.75,12.9033333333333,26.3833333333333,2.63368790445291,2.85232853180223,5.64971751412429,3.10734463276836,81.3559322033898,9.88700564971751,3.27868852459017,4.85948477751756,83.1967213114754,8.66510538641688,2.06511493258677,2.02310302097418,0.85330075939178,0.648713341076705,2.76660794413475,31.126590009638,1.68889016289197,1.64192847320095,0.584097773327293,0.396718763022154,1.64621465374166,24.0788318045203,12,107440
"72",73,"Savoie",431174,18,6.7,13.87,21.3,17.75,7.2,13.5825,21.625,3.06372833241336,2.82742145260329,8.05860805860806,1.0989010989011,59.3406593406593,31.5018315018315,8.02377414561664,3.04606240713224,66.0475482912333,22.8826151560178,2.10332719505351,3.89633883304652,1.05247533478364,0.359019792473572,2.70447661500925,33.8441093386893,0.977642834949992,1.55965201322517,0.516874838051216,0.291513659036416,1.51928373900742,16.9590079512241,14,77430
"73",74,"Haute-Savoie",807360,17.8,6.5,13.81,22,17.7,6.55,13.775,24.2,2.35334918747523,2.78856736042445,11.8279569892473,3.584229390681,49.4623655913978,35.1254480286738,6.75675675675676,2.4024024024024,68.018018018018,22.8228228228228,1.75188267934998,3.13701446690448,1.13010305192231,1.03349187475228,3.07731371383274,36.7428408640507,0.489503293490649,0.750701326696293,0.210909692747543,0.118010294452451,0.684216412191304,8.76367990655276,14,122110
"74",75,"Paris",2187526,13.1,7,22.64,9.3,16.2333333333333,8.83333333333333,17.3933333333333,13.3,1.38741208104498,1.18986947813278,100,0,0,0,0,0,0,100,2.35028063666443,4.99966628968067,2.36765185876648,2.20344809615977,31.9025693866039,5.5282085790066,0.470526935003807,1.2281256495581,0.346368675994949,0.566012869936294,7.98687558336061,5.76512424455414,81,398370
"75",76,"Seine-Maritime",1254378,15.8,10.1,13.87,24.1,16.2666666666667,9.63333333333333,13.6933333333333,26.6,2.11578965830077,2.54902905265436,3.67231638418079,1.8361581920904,80.0847457627119,14.4067796610169,4.4204322200393,1.76817288801572,84.6267190569745,9.18467583497053,1.50664313309066,2.51670549068941,0.512524932675796,0.526236907853932,3.93820682441816,29.8688274188482,0.665901841827565,0.830915818098562,0.193706381951365,0.157052952320258,1.15276745623169,11.9751185067765,23,267540
"76",77,"Seine-et-Marne",1403997,19.1,7.3,15.31,20.8,16.4125,9.275,13.96875,23.675,2.07194174916328,2.39283726135578,7.10059171597633,4.73372781065089,67.0611439842209,21.1045364891519,3.17895313784598,2.4116196218142,83.5023294053165,10.9070978350233,1.42514549532513,1.93568789676901,0.361824134951855,0.460684745052874,11.8860652836153,28.2130944724241,1.67038492456486,2.35793352719862,0.595863331044626,0.541078171463503,5.57538337430763,29.4191313254278,16,246350
"77",78,"Yvelines",1438266,16.2,6.8,20.28,14.3,16.68,8.16,16.29,19.34,1.93288306891771,1.99389457476448,6.17760617760618,2.31660231660232,49.034749034749,42.4710424710425,5.456501690747,2.22871195819244,73.0095296649247,19.3052566861359,1.42247678802113,2.40004282935146,0.598915638692704,0.998494019882275,13.9896931443836,24.6799270788575,0.963145710226475,1.57331839039405,0.374299495586466,0.604230989603176,7.02965150635025,16.3245971193243,20,241720
"78",79,"Deux-Sèvres",374351,16.2,6.7,12.88,25.8,17.02,8.04,12.502,25.24,3.23493192217999,2.72388784095761,3.125,4.296875,85.9375,6.640625,2.94117647058824,7.45098039215686,82.7450980392157,6.86274509803922,2.35313916618361,1.92226012485608,0.694535342499419,0.633095677586009,0.918656554944424,34.2520789312704,1.2722944558707,1.13547760020655,0.512009729060809,0.363715536085946,0.882668200501874,20.3988871106851,5,68010
"79",80,"Somme",572443,15.4,10.7,12.83,26.2,16.3,10.94,13.462,25.24,2.90683963294162,2.1651645592942,3.10880829015544,1.42487046632124,89.6373056994819,5.82901554404145,4.69798657718121,2.14765100671141,74.3892617449664,18.7651006711409,1.86184476008965,2.64497950014237,0.774924315608716,0.435501875295881,2.41945486275489,29.8323151824723,0.987130282833884,1.39017410826033,0.326022803614562,0.267198849905102,2.0560635953586,18.8283256908359,14,115340
"80",81,"Tarn",387890,17.5,9.6,12.71,19.8,17.94,10.14,13.132,18.74,3.29990461213231,3.02254464903313,3.18471337579618,1.91082802547771,85.031847133758,9.87261146496815,3.63932645301467,3.96523628462792,80.9342748506247,11.4611624117328,1.90775735388899,1.9835520379489,0.661527752713398,0.37716878496481,1.1887390755111,31.5720951816237,1.27867555803094,1.51441395178255,0.542518718237176,0.389136926592204,1.46009357995877,19.0461137301547,12,85860
"81",82,"Tarn-et-Garonne",258349,17.6,10.5,12.58,21.2,17.6,8.2,12.9066666666667,20.7166666666667,3.11981079857093,3.50144362091309,4.61538461538462,2.05128205128205,82.5641025641026,10.7692307692308,2.45829675153644,1.49253731343284,87.0061457418788,9.04302019315189,2.09174411358279,1.74763594981982,0.526032614796264,0.434296242679476,1.06948352809572,32.6298921226713,1.80309600152951,1.7639398394674,0.519177893583928,0.36405560483326,1.21034251882896,23.8212172727082,2,43810
"82",83,"Var",1058740,19.3,10.1,13.17,16.7,17.525,10.825,13.685,17.85,2.23756540793774,2.59830203837878,14.3790849673203,15.0326797385621,37.9084967320261,32.6797385620915,6.49149922720247,7.41885625965997,55.7959814528594,30.2936630602782,1.46372102688101,2.54170051192927,0.59051325160096,1.34735629144077,2.03553280314336,29.0378185390181,0.839661485482119,1.44708085032707,0.284783572571888,0.644969505076099,1.66362988755716,14.214969436536,20,243850
"83",84,"Vaucluse",559479,17.1,11.7,13.08,20.8,17.48,10.88,13.332,20.06,2.43619510294399,2.83402317845367,5.96026490066225,7.28476821192053,51.6556291390728,35.0993377483444,6.50759219088937,5.13376717281273,70.8604483007954,17.4981923355025,1.77432933139582,2.14592504812513,0.815401471726374,0.527097531810845,1.3693096613099,30.8890950330575,1.12415745773986,1.51195466354747,0.352070465767856,0.378595075084577,1.31558394939956,18.9436905615357,16,121130
"84",85,"Vendée",675247,17.3,6.8,12.05,30.8,16.825,7.85,12.9925,23.55,2.5694301492639,2.58705111537,3.87596899224806,15.5038759689922,74.8062015503876,5.81395348837209,4.07978241160471,9.33816863100635,76.4279238440617,10.1541251133273,2.05406317984382,1.44332370228968,0.789192695413678,0.627177906751159,0.638433047462632,34.5981544531112,1.02692477666669,0.940786699551656,0.559230433385653,0.338457022493435,1.14129767942602,16.1463973408326,13,126900
"85",86,"Vienne",436876,17,7.2,12.73,21.3,16.5166666666667,8.13333333333333,12.785,24.6333333333333,2.89555846510223,3.18309202128732,2.63157894736842,5.26315789473684,86.0902255639098,6.01503759398496,2.6542800265428,5.17584605175845,83.4771068347711,8.69276708692765,1.86757798551534,1.88405863448667,0.668152977046118,0.546837088784918,1.84583268478928,32.6328294527509,1.56443009360186,1.6096971370308,0.528459820060187,0.403686011214786,1.36335796093065,24.1551803688803,9,72350
"86",87,"Haute-Vienne",374426,17,8.3,12.84,20.7,17.22,8.22,12.264,22.92,3.54676224407493,3.63763077620851,1.53846153846154,4.61538461538462,88.7179487179487,5.12820512820513,1.85295875672445,2.03227734608488,89.8983861326957,6.21637776449492,1.72477338646355,2.34438847729591,0.274286507881397,0.398209526047871,1.85964649890766,31.6893057640228,1.5494112470148,1.3558023804942,0.243006822884228,0.273880038203351,0.640787288765437,19.8903670835004,11,80290
"87",88,"Vosges",367673,15.6,9.4,12.37,27.5,16.275,8.4125,13.10625,24.3375,2.88027676767127,2.58028109348234,5.32544378698225,1.38067061143984,80.276134122288,13.0177514792899,4.71755262759352,2.57458730879902,81.5765561108587,11.1313039527488,1.93976713003131,2.58164183935182,0.458831624840551,0.31930546980605,0.933982098223149,31.9106923815456,1.72422102405868,2.55757950047745,0.928154632968213,0.320683878648975,2.69861824790961,31.9516993320126,9,75240
"88",89,"Yonne",338291,15.6,8.2,12.62,26.4,16.72,8.42,13.506,23.28,3.10679267258071,2.715092207118,1.18203309692671,2.12765957446809,93.8534278959811,2.83687943262411,3.52422907488987,2.55506607929515,84.8458149779736,9.07488986784141,1.99591475977782,2.5214977637596,0.567263095973585,0.571992751802442,1.994141138842,30.5881622626673,1.14612071347943,1.50915479943013,0.478204494981237,0.280101825219819,2.87684507523545,18.6598308883132,2,76400
"89",90,"Territoire de Belfort",142622,16.1,9.2,14.23,20.4,16,8.425,12.75,26.425,2.34185469282439,2.6729387239202,9.9009900990099,0,63.3663366336634,26.7326732673267,5.04540867810293,1.2108980827447,82.4419778002018,11.3017154389506,1.36304356971575,2.50592475214203,0.903787634446299,0.278358177560264,2.98411184810198,31.2658636115045,0.899660686189812,1.23129654699723,0.361458919008779,0.174578111764841,0.950513494518684,16.4414508498206,1,28300
"90",91,"Essonne",1296130,17.8,7,16.47,16.7,16.5,7.68333333333333,16.975,17.95,2.05072022096549,2.01179836839866,6.18556701030928,3.09278350515464,37.6288659793814,53.0927835051546,5.94199481254421,3.8905918415468,72.4357462862532,17.7316670596558,1.31298558015014,2.05519508074036,0.391010161017799,0.832478223634975,12.417272958731,26.8225409488246,1.1359228361614,1.9955995019461,0.579509855398117,0.757509387661819,9.61880958493568,18.5499455118014,25,228190
"91",92,"Hauts-de-Seine",1609306,14.6,6.9,21.95,7.9,16.175,8.65,17.995,14.725,1.15764186549979,1.49214192574454,0,0,0,100,6.72645739910314,2.69058295964126,56.9506726457399,33.6322869955157,1.49151249047726,4.50187844946828,1.29173693505151,2.26675349498479,22.2825864068114,15.1085623243808,0.749934981586344,1.47342051774521,0.491995531900859,0.613763391661475,10.2108811384512,8.43534376540521,22,256410
"92",93,"Seine-Saint-Denis",1623111,17.2,11.6,13.55,16.8,16.5666666666667,8.03333333333333,18.0466666666667,13.8666666666667,1.06030949208033,1.36575400108438,0,0,0,100,0,0,0,100,1.07811480545693,2.36619676657973,0.652943637249701,0.871289763916331,20.5227492143174,14.2459757835416,0.479338537140224,1.18503333577936,0.304307361400985,0.56171105611343,7.33053660185901,6.86295710684094,22,297800
"93",94,"Val-de-Marne",1387926,16.9,8,16.68,15.2,16.36,7.96,17.984,14.3,1.35165707681822,1.54560508175077,0,0,0,100,9.60960960960961,3.6036036036036,43.8438438438438,42.9429429429429,1.19458818409627,2.95692998041682,0.826268835658385,1.39005970058922,21.089669045756,16.7664558485107,0.957254876009237,1.98232806040476,0.633145840879668,0.829331790468593,12.3764054062599,11.2397977635222,29,252930
"94",95,"Val-d'Oise",1228618,18.2,9.2,15.51,18.5,16.28,8.7,16.806,18.52,1.58796306093513,1.77821639030386,7.60869565217391,3.26086956521739,48.3695652173913,40.7608695652174,5.58659217877094,2.11200436026706,78.8935822319117,13.4078212290503,1.14860762254826,2.02145825634982,0.31645312049799,0.83687525333342,15.2720373623046,23.028638681836,0.932184257310774,1.6588081362557,0.414790368874514,0.619682377756198,7.94971419407638,15.000387257315,14,216530
"95",201,"Corse-du-Sud",157249,22.4,8.7,12.69,18.9,20.7,9.9,12.54,19,2.76631329928966,2.74637146925246,1.61290322580645,4.03225806451613,92.741935483871,1.61290322580645,2.11864406779661,1.69491525423729,89.4067796610169,6.77966101694915,1.34309280186201,3.00733232007835,0.136725829735006,2.29381426908915,1.10843312199124,33.2529936597371,0.188039214582782,0.411252244089392,0.0199787268767341,0.102285453798491,0.105169706622244,3.94636133919376,3,33610
"96",202,"Haute-Corse",177689,20.7,9.9,12.54,19,22.4,8.7,12.69,18.9,2.74637146925246,2.76631329928966,2.11864406779661,1.69491525423729,89.4067796610169,6.77966101694915,1.61290322580645,4.03225806451613,92.741935483871,1.61290322580645,1.50431371666226,3.29001795271514,0.159829815013873,0.818283630387925,0.841357652977956,31.5708907135501,0.167886600232752,0.375916540009793,0.0170907287168758,0.286726783636144,0.138554140248905,4.15662420746714,2,37030
